cutoff,k,seller,method,selected,wins90,revenue90
2017-03-31,5,Anna Snelling,catalog_price,5,4.0,21545.0
2017-03-31,5,Anna Snelling,product_rate,5,3.0,150.0
2017-03-31,5,Anna Snelling,product_seller_rate,5,3.0,1667.0
2017-03-31,5,Anna Snelling,price_x_product_rate,5,4.0,21545.0
2017-03-31,5,Anna Snelling,random_expectation,5,3.3000000000000003,5007.3
2017-03-31,5,Boris Faz,catalog_price,5,2.0,11251.0
2017-03-31,5,Boris Faz,product_rate,5,2.0,95.0
2017-03-31,5,Boris Faz,product_seller_rate,5,2.0,95.0
2017-03-31,5,Boris Faz,price_x_product_rate,5,2.0,11251.0
2017-03-31,5,Boris Faz,random_expectation,5,1.875,4579.6875
2017-03-31,5,Cassey Cress,catalog_price,5,2.0,12173.0
2017-03-31,5,Cassey Cress,product_rate,5,2.0,1019.0
2017-03-31,5,Cassey Cress,product_seller_rate,5,3.0,1510.0
2017-03-31,5,Cassey Cress,price_x_product_rate,5,2.0,12173.0
2017-03-31,5,Cassey Cress,random_expectation,5,1.9047619047619047,5756.111111111111
2017-03-31,5,Cecily Lampkin,catalog_price,5,5.0,24621.0
2017-03-31,5,Cecily Lampkin,product_rate,5,2.0,110.0
2017-03-31,5,Cecily Lampkin,product_seller_rate,5,2.0,110.0
2017-03-31,5,Cecily Lampkin,price_x_product_rate,5,5.0,24621.0
2017-03-31,5,Cecily Lampkin,random_expectation,5,3.541666666666667,8988.75
2017-03-31,5,Corliss Cosme,catalog_price,5,4.0,20904.0
2017-03-31,5,Corliss Cosme,product_rate,5,1.0,56.0
2017-03-31,5,Corliss Cosme,product_seller_rate,5,1.0,603.0
2017-03-31,5,Corliss Cosme,price_x_product_rate,5,4.0,20904.0
2017-03-31,5,Corliss Cosme,random_expectation,5,1.442307692307692,4380.096153846153
2017-03-31,5,Daniell Hammack,catalog_price,5,1.0,6024.0
2017-03-31,5,Daniell Hammack,product_rate,5,1.0,592.0
2017-03-31,5,Daniell Hammack,product_seller_rate,5,1.0,592.0
2017-03-31,5,Daniell Hammack,price_x_product_rate,5,1.0,6024.0
2017-03-31,5,Daniell Hammack,random_expectation,5,1.8518518518518516,7240.925925925926
2017-03-31,5,Darcel Schlecht,catalog_price,5,1.0,5639.0
2017-03-31,5,Darcel Schlecht,product_rate,5,2.0,109.0
2017-03-31,5,Darcel Schlecht,product_seller_rate,5,2.0,109.0
2017-03-31,5,Darcel Schlecht,price_x_product_rate,5,1.0,5639.0
2017-03-31,5,Darcel Schlecht,random_expectation,5,2.727272727272727,8820.974025974027
2017-03-31,5,Donn Cantrell,catalog_price,5,3.0,16792.0
2017-03-31,5,Donn Cantrell,product_rate,5,3.0,1588.0
2017-03-31,5,Donn Cantrell,product_seller_rate,5,3.0,1588.0
2017-03-31,5,Donn Cantrell,price_x_product_rate,5,3.0,16792.0
2017-03-31,5,Donn Cantrell,random_expectation,5,3.2432432432432434,9446.621621621622
2017-03-31,5,Elease Gluck,catalog_price,5,0.0,0.0
2017-03-31,5,Elease Gluck,product_rate,5,1.0,51.0
2017-03-31,5,Elease Gluck,product_seller_rate,5,1.0,51.0
2017-03-31,5,Elease Gluck,price_x_product_rate,5,0.0,0.0
2017-03-31,5,Elease Gluck,random_expectation,5,1.1764705882352942,2080.294117647059
2017-03-31,5,Garret Kinder,catalog_price,5,4.0,21367.0
2017-03-31,5,Garret Kinder,product_rate,5,3.0,169.0
2017-03-31,5,Garret Kinder,product_seller_rate,5,5.0,6400.0
2017-03-31,5,Garret Kinder,price_x_product_rate,5,4.0,21367.0
2017-03-31,5,Garret Kinder,random_expectation,5,3.2608695652173916,9524.347826086956
2017-03-31,5,Gladys Colclough,catalog_price,5,2.0,10184.0
2017-03-31,5,Gladys Colclough,product_rate,5,5.0,263.0
2017-03-31,5,Gladys Colclough,product_seller_rate,5,5.0,263.0
2017-03-31,5,Gladys Colclough,price_x_product_rate,5,2.0,10184.0
2017-03-31,5,Gladys Colclough,random_expectation,5,2.7941176470588234,5767.64705882353
2017-03-31,5,Hayden Neloms,catalog_price,5,2.0,7065.0
2017-03-31,5,Hayden Neloms,product_rate,5,2.0,105.0
2017-03-31,5,Hayden Neloms,product_seller_rate,5,2.0,105.0
2017-03-31,5,Hayden Neloms,price_x_product_rate,5,2.0,7065.0
2017-03-31,5,Hayden Neloms,random_expectation,5,2.5609756097560976,5647.317073170732
2017-03-31,5,James Ascencio,catalog_price,5,3.0,15867.0
2017-03-31,5,James Ascencio,product_rate,5,1.0,49.0
2017-03-31,5,James Ascencio,product_seller_rate,5,2.0,1115.0
2017-03-31,5,James Ascencio,price_x_product_rate,5,3.0,15867.0
2017-03-31,5,James Ascencio,random_expectation,5,2.019230769230769,7103.653846153847
2017-03-31,5,Jonathan Berthelot,catalog_price,5,4.0,20229.0
2017-03-31,5,Jonathan Berthelot,product_rate,5,4.0,1658.0
2017-03-31,5,Jonathan Berthelot,product_seller_rate,5,3.0,9289.0
2017-03-31,5,Jonathan Berthelot,price_x_product_rate,5,4.0,20229.0
2017-03-31,5,Jonathan Berthelot,random_expectation,5,3.125,5646.5625
2017-03-31,5,Kami Bicknell,catalog_price,5,3.0,15757.0
2017-03-31,5,Kami Bicknell,product_rate,5,2.0,617.0
2017-03-31,5,Kami Bicknell,product_seller_rate,5,2.0,617.0
2017-03-31,5,Kami Bicknell,price_x_product_rate,5,3.0,15757.0
2017-03-31,5,Kami Bicknell,random_expectation,5,1.8055555555555556,4049.652777777778
2017-03-31,5,Kary Hendrixson,catalog_price,5,1.0,5782.0
2017-03-31,5,Kary Hendrixson,product_rate,5,2.0,115.0
2017-03-31,5,Kary Hendrixson,product_seller_rate,5,2.0,115.0
2017-03-31,5,Kary Hendrixson,price_x_product_rate,5,1.0,5782.0
2017-03-31,5,Kary Hendrixson,random_expectation,5,1.891891891891892,3440.810810810811
2017-03-31,5,Lajuana Vencill,catalog_price,5,5.0,25992.0
2017-03-31,5,Lajuana Vencill,product_rate,5,1.0,55.0
2017-03-31,5,Lajuana Vencill,product_seller_rate,5,1.0,55.0
2017-03-31,5,Lajuana Vencill,price_x_product_rate,5,5.0,25992.0
2017-03-31,5,Lajuana Vencill,random_expectation,5,3.142857142857143,6570.571428571428
2017-03-31,5,Markita Hansen,catalog_price,5,2.0,35120.0
2017-03-31,5,Markita Hansen,product_rate,5,3.0,174.0
2017-03-31,5,Markita Hansen,product_seller_rate,5,1.0,595.0
2017-03-31,5,Markita Hansen,price_x_product_rate,5,2.0,35120.0
2017-03-31,5,Markita Hansen,random_expectation,5,1.6037735849056602,5965.283018867924
2017-03-31,5,Marty Freudenburg,catalog_price,5,4.0,22527.0
2017-03-31,5,Marty Freudenburg,product_rate,5,3.0,146.0
2017-03-31,5,Marty Freudenburg,product_seller_rate,5,3.0,146.0
2017-03-31,5,Marty Freudenburg,price_x_product_rate,5,4.0,22527.0
2017-03-31,5,Marty Freudenburg,random_expectation,5,2.962962962962963,6459.444444444444
2017-03-31,5,Maureen Marcano,catalog_price,5,4.0,21112.0
2017-03-31,5,Maureen Marcano,product_rate,5,1.0,62.0
2017-03-31,5,Maureen Marcano,product_seller_rate,5,1.0,584.0
2017-03-31,5,Maureen Marcano,price_x_product_rate,5,4.0,21112.0
2017-03-31,5,Maureen Marcano,random_expectation,5,1.5254237288135595,4518.983050847457
2017-03-31,5,Moses Frase,catalog_price,5,5.0,24776.0
2017-03-31,5,Moses Frase,product_rate,5,4.0,218.0
2017-03-31,5,Moses Frase,product_seller_rate,5,3.0,1457.0
2017-03-31,5,Moses Frase,price_x_product_rate,5,5.0,24776.0
2017-03-31,5,Moses Frase,random_expectation,5,3.75,7185.25
2017-03-31,5,Niesha Huffines,catalog_price,5,4.0,22138.0
2017-03-31,5,Niesha Huffines,product_rate,5,2.0,626.0
2017-03-31,5,Niesha Huffines,product_seller_rate,5,2.0,1073.0
2017-03-31,5,Niesha Huffines,price_x_product_rate,5,4.0,22138.0
2017-03-31,5,Niesha Huffines,random_expectation,5,2.2916666666666665,6274.583333333334
2017-03-31,5,Reed Clapper,catalog_price,5,2.0,10717.0
2017-03-31,5,Reed Clapper,product_rate,5,3.0,1080.0
2017-03-31,5,Reed Clapper,product_seller_rate,5,3.0,1080.0
2017-03-31,5,Reed Clapper,price_x_product_rate,5,2.0,10717.0
2017-03-31,5,Reed Clapper,random_expectation,5,3.59375,10112.1875
2017-03-31,5,Rosalina Dieter,catalog_price,5,4.0,65364.0
2017-03-31,5,Rosalina Dieter,product_rate,5,2.0,129.0
2017-03-31,5,Rosalina Dieter,product_seller_rate,5,1.0,4080.0
2017-03-31,5,Rosalina Dieter,price_x_product_rate,5,4.0,65364.0
2017-03-31,5,Rosalina Dieter,random_expectation,5,1.875,11199.84375
2017-03-31,5,Rosie Papadopoulos,catalog_price,5,3.0,15644.0
2017-03-31,5,Rosie Papadopoulos,product_rate,5,0.0,0.0
2017-03-31,5,Rosie Papadopoulos,product_seller_rate,5,0.0,0.0
2017-03-31,5,Rosie Papadopoulos,price_x_product_rate,5,3.0,15644.0
2017-03-31,5,Rosie Papadopoulos,random_expectation,5,1.6071428571428572,6781.25
2017-03-31,5,Versie Hillebrand,catalog_price,5,4.0,16140.0
2017-03-31,5,Versie Hillebrand,product_rate,5,4.0,221.0
2017-03-31,5,Versie Hillebrand,product_seller_rate,5,4.0,221.0
2017-03-31,5,Versie Hillebrand,price_x_product_rate,5,4.0,16140.0
2017-03-31,5,Versie Hillebrand,random_expectation,5,3.717948717948718,3857.8205128205127
2017-03-31,5,Vicki Laflamme,catalog_price,5,1.0,5930.0
2017-03-31,5,Vicki Laflamme,product_rate,5,1.0,55.0
2017-03-31,5,Vicki Laflamme,product_seller_rate,5,1.0,55.0
2017-03-31,5,Vicki Laflamme,price_x_product_rate,5,1.0,5930.0
2017-03-31,5,Vicki Laflamme,random_expectation,5,1.4935064935064934,2661.038961038961
2017-03-31,5,Violet Mclelland,catalog_price,5,2.0,10489.0
2017-03-31,5,Violet Mclelland,product_rate,5,1.0,48.0
2017-03-31,5,Violet Mclelland,product_seller_rate,5,1.0,533.0
2017-03-31,5,Violet Mclelland,price_x_product_rate,5,2.0,10489.0
2017-03-31,5,Violet Mclelland,random_expectation,5,2.1153846153846154,3381.0576923076924
2017-03-31,5,Wilburn Farren,catalog_price,5,1.0,6135.0
2017-03-31,5,Wilburn Farren,product_rate,5,2.0,1086.0
2017-03-31,5,Wilburn Farren,product_seller_rate,5,2.0,1086.0
2017-03-31,5,Wilburn Farren,price_x_product_rate,5,1.0,6135.0
2017-03-31,5,Wilburn Farren,random_expectation,5,2.142857142857143,5963.333333333334
2017-03-31,5,Zane Levy,catalog_price,5,2.0,12489.0
2017-03-31,5,Zane Levy,product_rate,5,2.0,482.0
2017-03-31,5,Zane Levy,product_seller_rate,5,2.0,12489.0
2017-03-31,5,Zane Levy,price_x_product_rate,5,2.0,12489.0
2017-03-31,5,Zane Levy,random_expectation,5,1.9166666666666667,5516.75
2017-03-31,10,Anna Snelling,catalog_price,10,8.0,37580.0
2017-03-31,10,Anna Snelling,product_rate,10,5.0,264.0
2017-03-31,10,Anna Snelling,product_seller_rate,10,5.0,2785.0
2017-03-31,10,Anna Snelling,price_x_product_rate,10,8.0,37580.0
2017-03-31,10,Anna Snelling,random_expectation,10,6.6000000000000005,10014.6
2017-03-31,10,Boris Faz,catalog_price,10,5.0,25466.0
2017-03-31,10,Boris Faz,product_rate,10,4.0,1167.0
2017-03-31,10,Boris Faz,product_seller_rate,10,4.0,6310.0
2017-03-31,10,Boris Faz,price_x_product_rate,10,5.0,25466.0
2017-03-31,10,Boris Faz,random_expectation,10,3.75,9159.375
2017-03-31,10,Cassey Cress,catalog_price,10,5.0,27921.0
2017-03-31,10,Cassey Cress,product_rate,10,5.0,2462.0
2017-03-31,10,Cassey Cress,product_seller_rate,10,6.0,3047.0
2017-03-31,10,Cassey Cress,price_x_product_rate,10,5.0,27921.0
2017-03-31,10,Cassey Cress,random_expectation,10,3.8095238095238093,11512.222222222223
2017-03-31,10,Cecily Lampkin,catalog_price,10,9.0,38141.0
2017-03-31,10,Cecily Lampkin,product_rate,10,5.0,1686.0
2017-03-31,10,Cecily Lampkin,product_seller_rate,10,5.0,1686.0
2017-03-31,10,Cecily Lampkin,price_x_product_rate,10,9.0,38141.0
2017-03-31,10,Cecily Lampkin,random_expectation,10,7.083333333333334,17977.5
2017-03-31,10,Corliss Cosme,catalog_price,10,6.0,30570.0
2017-03-31,10,Corliss Cosme,product_rate,10,3.0,1174.0
2017-03-31,10,Corliss Cosme,product_seller_rate,10,3.0,1717.0
2017-03-31,10,Corliss Cosme,price_x_product_rate,10,6.0,30570.0
2017-03-31,10,Corliss Cosme,random_expectation,10,2.884615384615384,8760.192307692307
2017-03-31,10,Daniell Hammack,catalog_price,10,4.0,22364.0
2017-03-31,10,Daniell Hammack,product_rate,10,1.0,592.0
2017-03-31,10,Daniell Hammack,product_seller_rate,10,3.0,7156.0
2017-03-31,10,Daniell Hammack,price_x_product_rate,10,4.0,22364.0
2017-03-31,10,Daniell Hammack,random_expectation,10,3.7037037037037033,14481.851851851852
2017-03-31,10,Darcel Schlecht,catalog_price,10,4.0,21495.0
2017-03-31,10,Darcel Schlecht,product_rate,10,5.0,1330.0
2017-03-31,10,Darcel Schlecht,product_seller_rate,10,5.0,6871.0
2017-03-31,10,Darcel Schlecht,price_x_product_rate,10,4.0,21495.0
2017-03-31,10,Darcel Schlecht,random_expectation,10,5.454545454545454,17641.948051948053
2017-03-31,10,Donn Cantrell,catalog_price,10,6.0,31282.0
2017-03-31,10,Donn Cantrell,product_rate,10,6.0,3252.0
2017-03-31,10,Donn Cantrell,product_seller_rate,10,6.0,3252.0
2017-03-31,10,Donn Cantrell,price_x_product_rate,10,6.0,31282.0
2017-03-31,10,Donn Cantrell,random_expectation,10,6.486486486486487,18893.243243243243
2017-03-31,10,Elease Gluck,catalog_price,10,1.0,4612.0
2017-03-31,10,Elease Gluck,product_rate,10,2.0,114.0
2017-03-31,10,Elease Gluck,product_seller_rate,10,2.0,114.0
2017-03-31,10,Elease Gluck,price_x_product_rate,10,1.0,4612.0
2017-03-31,10,Elease Gluck,random_expectation,10,2.3529411764705883,4160.588235294118
2017-03-31,10,Garret Kinder,catalog_price,10,7.0,34684.0
2017-03-31,10,Garret Kinder,product_rate,10,5.0,5224.0
2017-03-31,10,Garret Kinder,product_seller_rate,10,8.0,19717.0
2017-03-31,10,Garret Kinder,price_x_product_rate,10,7.0,34684.0
2017-03-31,10,Garret Kinder,random_expectation,10,6.521739130434783,19048.695652173912
2017-03-31,10,Gladys Colclough,catalog_price,10,4.0,19824.0
2017-03-31,10,Gladys Colclough,product_rate,10,9.0,1908.0
2017-03-31,10,Gladys Colclough,product_seller_rate,10,7.0,3899.0
2017-03-31,10,Gladys Colclough,price_x_product_rate,10,4.0,19824.0
2017-03-31,10,Gladys Colclough,random_expectation,10,5.588235294117647,11535.29411764706
2017-03-31,10,Hayden Neloms,catalog_price,10,3.0,10503.0
2017-03-31,10,Hayden Neloms,product_rate,10,6.0,2226.0
2017-03-31,10,Hayden Neloms,product_seller_rate,10,6.0,2226.0
2017-03-31,10,Hayden Neloms,price_x_product_rate,10,3.0,10503.0
2017-03-31,10,Hayden Neloms,random_expectation,10,5.121951219512195,11294.634146341465
2017-03-31,10,James Ascencio,catalog_price,10,7.0,38030.0
2017-03-31,10,James Ascencio,product_rate,10,3.0,1164.0
2017-03-31,10,James Ascencio,product_seller_rate,10,4.0,2118.0
2017-03-31,10,James Ascencio,price_x_product_rate,10,7.0,38030.0
2017-03-31,10,James Ascencio,random_expectation,10,4.038461538461538,14207.307692307693
2017-03-31,10,Jonathan Berthelot,catalog_price,10,6.0,26742.0
2017-03-31,10,Jonathan Berthelot,product_rate,10,7.0,3437.0
2017-03-31,10,Jonathan Berthelot,product_seller_rate,10,6.0,20810.0
2017-03-31,10,Jonathan Berthelot,price_x_product_rate,10,6.0,26742.0
2017-03-31,10,Jonathan Berthelot,random_expectation,10,6.25,11293.125
2017-03-31,10,Kami Bicknell,catalog_price,10,6.0,30238.0
2017-03-31,10,Kami Bicknell,product_rate,10,4.0,1690.0
2017-03-31,10,Kami Bicknell,product_seller_rate,10,4.0,1690.0
2017-03-31,10,Kami Bicknell,price_x_product_rate,10,6.0,30238.0
2017-03-31,10,Kami Bicknell,random_expectation,10,3.611111111111111,8099.305555555556
2017-03-31,10,Kary Hendrixson,catalog_price,10,2.0,10294.0
2017-03-31,10,Kary Hendrixson,product_rate,10,3.0,652.0
2017-03-31,10,Kary Hendrixson,product_seller_rate,10,4.0,9545.0
2017-03-31,10,Kary Hendrixson,price_x_product_rate,10,2.0,10294.0
2017-03-31,10,Kary Hendrixson,random_expectation,10,3.783783783783784,6881.621621621622
2017-03-31,10,Lajuana Vencill,catalog_price,10,8.0,34606.0
2017-03-31,10,Lajuana Vencill,product_rate,10,4.0,1590.0
2017-03-31,10,Lajuana Vencill,product_seller_rate,10,4.0,1590.0
2017-03-31,10,Lajuana Vencill,price_x_product_rate,10,8.0,34606.0
2017-03-31,10,Lajuana Vencill,random_expectation,10,6.285714285714286,13141.142857142857
2017-03-31,10,Markita Hansen,catalog_price,10,5.0,50765.0
2017-03-31,10,Markita Hansen,product_rate,10,5.0,282.0
2017-03-31,10,Markita Hansen,product_seller_rate,10,2.0,1166.0
2017-03-31,10,Markita Hansen,price_x_product_rate,10,5.0,50765.0
2017-03-31,10,Markita Hansen,random_expectation,10,3.2075471698113205,11930.566037735847
2017-03-31,10,Marty Freudenburg,catalog_price,10,6.0,28932.0
2017-03-31,10,Marty Freudenburg,product_rate,10,6.0,1719.0
2017-03-31,10,Marty Freudenburg,product_seller_rate,10,6.0,1719.0
2017-03-31,10,Marty Freudenburg,price_x_product_rate,10,6.0,28932.0
2017-03-31,10,Marty Freudenburg,random_expectation,10,5.925925925925926,12918.888888888889
2017-03-31,10,Maureen Marcano,catalog_price,10,6.0,30845.0
2017-03-31,10,Maureen Marcano,product_rate,10,2.0,110.0
2017-03-31,10,Maureen Marcano,product_seller_rate,10,1.0,584.0
2017-03-31,10,Maureen Marcano,price_x_product_rate,10,6.0,30845.0
2017-03-31,10,Maureen Marcano,random_expectation,10,3.050847457627119,9037.966101694914
2017-03-31,10,Moses Frase,catalog_price,10,10.0,42427.0
2017-03-31,10,Moses Frase,product_rate,10,6.0,827.0
2017-03-31,10,Moses Frase,product_seller_rate,10,7.0,3469.0
2017-03-31,10,Moses Frase,price_x_product_rate,10,10.0,42427.0
2017-03-31,10,Moses Frase,random_expectation,10,7.5,14370.5
2017-03-31,10,Niesha Huffines,catalog_price,10,5.0,25561.0
2017-03-31,10,Niesha Huffines,product_rate,10,3.0,1298.0
2017-03-31,10,Niesha Huffines,product_seller_rate,10,5.0,7594.0
2017-03-31,10,Niesha Huffines,price_x_product_rate,10,5.0,25561.0
2017-03-31,10,Niesha Huffines,random_expectation,10,4.583333333333333,12549.166666666668
2017-03-31,10,Reed Clapper,catalog_price,10,6.0,31082.0
2017-03-31,10,Reed Clapper,product_rate,10,6.0,6820.0
2017-03-31,10,Reed Clapper,product_seller_rate,10,7.0,4412.0
2017-03-31,10,Reed Clapper,price_x_product_rate,10,6.0,31082.0
2017-03-31,10,Reed Clapper,random_expectation,10,7.1875,20224.375
2017-03-31,10,Rosalina Dieter,catalog_price,10,5.0,69444.0
2017-03-31,10,Rosalina Dieter,product_rate,10,5.0,30515.0
2017-03-31,10,Rosalina Dieter,product_seller_rate,10,3.0,59656.0
2017-03-31,10,Rosalina Dieter,price_x_product_rate,10,5.0,69444.0
2017-03-31,10,Rosalina Dieter,random_expectation,10,3.75,22399.6875
2017-03-31,10,Rosie Papadopoulos,catalog_price,10,6.0,31076.0
2017-03-31,10,Rosie Papadopoulos,product_rate,10,1.0,61.0
2017-03-31,10,Rosie Papadopoulos,product_seller_rate,10,1.0,61.0
2017-03-31,10,Rosie Papadopoulos,price_x_product_rate,10,6.0,31076.0
2017-03-31,10,Rosie Papadopoulos,random_expectation,10,3.2142857142857144,13562.5
2017-03-31,10,Versie Hillebrand,catalog_price,10,7.0,26732.0
2017-03-31,10,Versie Hillebrand,product_rate,10,8.0,436.0
2017-03-31,10,Versie Hillebrand,product_seller_rate,10,8.0,436.0
2017-03-31,10,Versie Hillebrand,price_x_product_rate,10,7.0,26732.0
2017-03-31,10,Versie Hillebrand,random_expectation,10,7.435897435897436,7715.641025641025
2017-03-31,10,Vicki Laflamme,catalog_price,10,2.0,12009.0
2017-03-31,10,Vicki Laflamme,product_rate,10,2.0,109.0
2017-03-31,10,Vicki Laflamme,product_seller_rate,10,2.0,109.0
2017-03-31,10,Vicki Laflamme,price_x_product_rate,10,2.0,12009.0
2017-03-31,10,Vicki Laflamme,random_expectation,10,2.987012987012987,5322.077922077922
2017-03-31,10,Violet Mclelland,catalog_price,10,5.0,23522.0
2017-03-31,10,Violet Mclelland,product_rate,10,5.0,288.0
2017-03-31,10,Violet Mclelland,product_seller_rate,10,3.0,5709.0
2017-03-31,10,Violet Mclelland,price_x_product_rate,10,5.0,23522.0
2017-03-31,10,Violet Mclelland,random_expectation,10,4.230769230769231,6762.115384615385
2017-03-31,10,Wilburn Farren,catalog_price,10,4.0,16387.0
2017-03-31,10,Wilburn Farren,product_rate,10,4.0,7813.0
2017-03-31,10,Wilburn Farren,product_seller_rate,10,4.0,7813.0
2017-03-31,10,Wilburn Farren,price_x_product_rate,10,4.0,16387.0
2017-03-31,10,Wilburn Farren,random_expectation,10,4.285714285714286,11926.666666666668
2017-03-31,10,Zane Levy,catalog_price,10,4.0,22876.0
2017-03-31,10,Zane Levy,product_rate,10,2.0,482.0
2017-03-31,10,Zane Levy,product_seller_rate,10,4.0,17756.0
2017-03-31,10,Zane Levy,price_x_product_rate,10,4.0,22876.0
2017-03-31,10,Zane Levy,random_expectation,10,3.8333333333333335,11033.5
2017-06-30,5,Anna Snelling,catalog_price,5,2.0,10644.0
2017-06-30,5,Anna Snelling,product_rate,5,2.0,10644.0
2017-06-30,5,Anna Snelling,product_seller_rate,5,2.0,10644.0
2017-06-30,5,Anna Snelling,price_x_product_rate,5,2.0,10644.0
2017-06-30,5,Anna Snelling,random_expectation,5,2.8000000000000003,3681.1000000000004
2017-06-30,5,Boris Faz,catalog_price,5,2.0,11864.0
2017-06-30,5,Boris Faz,product_rate,5,2.0,11864.0
2017-06-30,5,Boris Faz,product_seller_rate,5,1.0,3138.0
2017-06-30,5,Boris Faz,price_x_product_rate,5,2.0,11864.0
2017-06-30,5,Boris Faz,random_expectation,5,1.326530612244898,3769.6938775510207
2017-06-30,5,Cassey Cress,catalog_price,5,1.0,4598.0
2017-06-30,5,Cassey Cress,product_rate,5,1.0,4598.0
2017-06-30,5,Cassey Cress,product_seller_rate,5,0.0,0.0
2017-06-30,5,Cassey Cress,price_x_product_rate,5,1.0,4598.0
2017-06-30,5,Cassey Cress,random_expectation,5,1.222222222222222,2913.777777777778
2017-06-30,5,Cecily Lampkin,catalog_price,5,4.0,16359.0
2017-06-30,5,Cecily Lampkin,product_rate,5,3.0,9776.0
2017-06-30,5,Cecily Lampkin,product_seller_rate,5,4.0,8778.0
2017-06-30,5,Cecily Lampkin,price_x_product_rate,5,4.0,16359.0
2017-06-30,5,Cecily Lampkin,random_expectation,5,3.611111111111111,6622.222222222222
2017-06-30,5,Corliss Cosme,catalog_price,5,1.0,4905.0
2017-06-30,5,Corliss Cosme,product_rate,5,1.0,4905.0
2017-06-30,5,Corliss Cosme,product_seller_rate,5,1.0,4905.0
2017-06-30,5,Corliss Cosme,price_x_product_rate,5,1.0,4905.0
2017-06-30,5,Corliss Cosme,random_expectation,5,1.2790697674418605,3416.8023255813955
2017-06-30,5,Daniell Hammack,catalog_price,5,0.0,0.0
2017-06-30,5,Daniell Hammack,product_rate,5,0.0,0.0
2017-06-30,5,Daniell Hammack,product_seller_rate,5,0.0,0.0
2017-06-30,5,Daniell Hammack,price_x_product_rate,5,0.0,0.0
2017-06-30,5,Daniell Hammack,random_expectation,5,1.0,2118.769230769231
2017-06-30,5,Darcel Schlecht,catalog_price,5,4.0,21001.0
2017-06-30,5,Darcel Schlecht,product_rate,5,4.0,21001.0
2017-06-30,5,Darcel Schlecht,product_seller_rate,5,4.0,4286.0
2017-06-30,5,Darcel Schlecht,price_x_product_rate,5,4.0,21001.0
2017-06-30,5,Darcel Schlecht,random_expectation,5,3.058823529411765,11096.176470588234
2017-06-30,5,Donn Cantrell,catalog_price,5,2.0,10746.0
2017-06-30,5,Donn Cantrell,product_rate,5,2.0,10746.0
2017-06-30,5,Donn Cantrell,product_seller_rate,5,2.0,10746.0
2017-06-30,5,Donn Cantrell,price_x_product_rate,5,2.0,10746.0
2017-06-30,5,Donn Cantrell,random_expectation,5,2.7906976744186047,7165.3488372093025
2017-06-30,5,Elease Gluck,catalog_price,5,0.0,0.0
2017-06-30,5,Elease Gluck,product_rate,5,1.0,54.0
2017-06-30,5,Elease Gluck,product_seller_rate,5,0.0,0.0
2017-06-30,5,Elease Gluck,price_x_product_rate,5,0.0,0.0
2017-06-30,5,Elease Gluck,random_expectation,5,0.7446808510638298,605.6382978723404
2017-06-30,5,Garret Kinder,catalog_price,5,2.0,9877.0
2017-06-30,5,Garret Kinder,product_rate,5,3.0,1073.0
2017-06-30,5,Garret Kinder,product_seller_rate,5,4.0,6954.0
2017-06-30,5,Garret Kinder,price_x_product_rate,5,2.0,9877.0
2017-06-30,5,Garret Kinder,random_expectation,5,3.4210526315789473,5590.263157894737
2017-06-30,5,Gladys Colclough,catalog_price,5,4.0,22538.0
2017-06-30,5,Gladys Colclough,product_rate,5,4.0,17505.0
2017-06-30,5,Gladys Colclough,product_seller_rate,5,3.0,156.0
2017-06-30,5,Gladys Colclough,price_x_product_rate,5,4.0,22538.0
2017-06-30,5,Gladys Colclough,random_expectation,5,3.2857142857142856,8824.428571428572
2017-06-30,5,Hayden Neloms,catalog_price,5,2.0,10461.0
2017-06-30,5,Hayden Neloms,product_rate,5,2.0,10461.0
2017-06-30,5,Hayden Neloms,product_seller_rate,5,0.0,0.0
2017-06-30,5,Hayden Neloms,price_x_product_rate,5,2.0,10461.0
2017-06-30,5,Hayden Neloms,random_expectation,5,0.9375,2459.2708333333335
2017-06-30,5,James Ascencio,catalog_price,5,0.0,0.0
2017-06-30,5,James Ascencio,product_rate,5,0.0,0.0
2017-06-30,5,James Ascencio,product_seller_rate,5,2.0,10735.0
2017-06-30,5,James Ascencio,price_x_product_rate,5,0.0,0.0
2017-06-30,5,James Ascencio,random_expectation,5,1.1029411764705883,3681.5441176470586
2017-06-30,5,Jonathan Berthelot,catalog_price,5,5.0,26598.0
2017-06-30,5,Jonathan Berthelot,product_rate,5,5.0,17960.0
2017-06-30,5,Jonathan Berthelot,product_seller_rate,5,4.0,2101.0
2017-06-30,5,Jonathan Berthelot,price_x_product_rate,5,5.0,26598.0
2017-06-30,5,Jonathan Berthelot,random_expectation,5,3.333333333333333,7736.145833333334
2017-06-30,5,Kami Bicknell,catalog_price,5,1.0,4755.0
2017-06-30,5,Kami Bicknell,product_rate,5,1.0,4755.0
2017-06-30,5,Kami Bicknell,product_seller_rate,5,0.0,0.0
2017-06-30,5,Kami Bicknell,price_x_product_rate,5,1.0,4755.0
2017-06-30,5,Kami Bicknell,random_expectation,5,1.0344827586206897,1732.0114942528735
2017-06-30,5,Kary Hendrixson,catalog_price,5,1.0,5312.0
2017-06-30,5,Kary Hendrixson,product_rate,5,1.0,5312.0
2017-06-30,5,Kary Hendrixson,product_seller_rate,5,1.0,628.0
2017-06-30,5,Kary Hendrixson,price_x_product_rate,5,1.0,5312.0
2017-06-30,5,Kary Hendrixson,random_expectation,5,1.1440677966101696,2537.7966101694915
2017-06-30,5,Lajuana Vencill,catalog_price,5,2.0,11449.0
2017-06-30,5,Lajuana Vencill,product_rate,5,3.0,11503.0
2017-06-30,5,Lajuana Vencill,product_seller_rate,5,1.0,999.0
2017-06-30,5,Lajuana Vencill,price_x_product_rate,5,2.0,11449.0
2017-06-30,5,Lajuana Vencill,random_expectation,5,2.682926829268293,3851.341463414634
2017-06-30,5,Markita Hansen,catalog_price,5,2.0,53911.0
2017-06-30,5,Markita Hansen,product_rate,5,1.0,4916.0
2017-06-30,5,Markita Hansen,product_seller_rate,5,1.0,4916.0
2017-06-30,5,Markita Hansen,price_x_product_rate,5,2.0,53911.0
2017-06-30,5,Markita Hansen,random_expectation,5,1.1235955056179776,4969.3258426966295
2017-06-30,5,Marty Freudenburg,catalog_price,5,3.0,16401.0
2017-06-30,5,Marty Freudenburg,product_rate,5,3.0,16401.0
2017-06-30,5,Marty Freudenburg,product_seller_rate,5,3.0,3032.0
2017-06-30,5,Marty Freudenburg,price_x_product_rate,5,3.0,16401.0
2017-06-30,5,Marty Freudenburg,random_expectation,5,2.962962962962963,8852.407407407407
2017-06-30,5,Maureen Marcano,catalog_price,5,2.0,11725.0
2017-06-30,5,Maureen Marcano,product_rate,5,2.0,11725.0
2017-06-30,5,Maureen Marcano,product_seller_rate,5,1.0,990.0
2017-06-30,5,Maureen Marcano,price_x_product_rate,5,2.0,11725.0
2017-06-30,5,Maureen Marcano,random_expectation,5,1.7105263157894737,2637.105263157895
2017-06-30,5,Moses Frase,catalog_price,5,3.0,12052.0
2017-06-30,5,Moses Frase,product_rate,5,2.0,5081.0
2017-06-30,5,Moses Frase,product_seller_rate,5,4.0,2150.0
2017-06-30,5,Moses Frase,price_x_product_rate,5,3.0,12052.0
2017-06-30,5,Moses Frase,random_expectation,5,3.4482758620689657,5123.620689655172
2017-06-30,5,Niesha Huffines,catalog_price,5,2.0,9601.0
2017-06-30,5,Niesha Huffines,product_rate,5,4.0,4937.0
2017-06-30,5,Niesha Huffines,product_seller_rate,5,2.0,6033.0
2017-06-30,5,Niesha Huffines,price_x_product_rate,5,2.0,9601.0
2017-06-30,5,Niesha Huffines,random_expectation,5,2.727272727272727,3230.7575757575755
2017-06-30,5,Reed Clapper,catalog_price,5,3.0,17874.0
2017-06-30,5,Reed Clapper,product_rate,5,3.0,17874.0
2017-06-30,5,Reed Clapper,product_seller_rate,5,4.0,4085.0
2017-06-30,5,Reed Clapper,price_x_product_rate,5,3.0,17874.0
2017-06-30,5,Reed Clapper,random_expectation,5,3.4375,8513.59375
2017-06-30,5,Rosalina Dieter,catalog_price,5,2.0,50690.0
2017-06-30,5,Rosalina Dieter,product_rate,5,0.0,0.0
2017-06-30,5,Rosalina Dieter,product_seller_rate,5,4.0,52932.0
2017-06-30,5,Rosalina Dieter,price_x_product_rate,5,2.0,50690.0
2017-06-30,5,Rosalina Dieter,random_expectation,5,1.5555555555555556,8120.444444444445
2017-06-30,5,Rosie Papadopoulos,catalog_price,5,0.0,0.0
2017-06-30,5,Rosie Papadopoulos,product_rate,5,1.0,59.0
2017-06-30,5,Rosie Papadopoulos,product_seller_rate,5,2.0,9941.0
2017-06-30,5,Rosie Papadopoulos,price_x_product_rate,5,0.0,0.0
2017-06-30,5,Rosie Papadopoulos,random_expectation,5,1.0,2253.4285714285716
2017-06-30,5,Versie Hillebrand,catalog_price,5,4.0,16455.0
2017-06-30,5,Versie Hillebrand,product_rate,5,3.0,10010.0
2017-06-30,5,Versie Hillebrand,product_seller_rate,5,2.0,103.0
2017-06-30,5,Versie Hillebrand,price_x_product_rate,5,4.0,16455.0
2017-06-30,5,Versie Hillebrand,random_expectation,5,3.026315789473684,4063.684210526316
2017-06-30,5,Vicki Laflamme,catalog_price,5,0.0,0.0
2017-06-30,5,Vicki Laflamme,product_rate,5,0.0,0.0
2017-06-30,5,Vicki Laflamme,product_seller_rate,5,1.0,578.0
2017-06-30,5,Vicki Laflamme,price_x_product_rate,5,0.0,0.0
2017-06-30,5,Vicki Laflamme,random_expectation,5,1.3963963963963963,4008.873873873874
2017-06-30,5,Violet Mclelland,catalog_price,5,1.0,5159.0
2017-06-30,5,Violet Mclelland,product_rate,5,1.0,59.0
2017-06-30,5,Violet Mclelland,product_seller_rate,5,1.0,881.0
2017-06-30,5,Violet Mclelland,price_x_product_rate,5,1.0,5159.0
2017-06-30,5,Violet Mclelland,random_expectation,5,1.3235294117647058,1698.0147058823532
2017-06-30,5,Wilburn Farren,catalog_price,5,2.0,9159.0
2017-06-30,5,Wilburn Farren,product_rate,5,1.0,5198.0
2017-06-30,5,Wilburn Farren,product_seller_rate,5,1.0,3350.0
2017-06-30,5,Wilburn Farren,price_x_product_rate,5,2.0,9159.0
2017-06-30,5,Wilburn Farren,random_expectation,5,1.6129032258064515,3938.2258064516127
2017-06-30,5,Zane Levy,catalog_price,5,2.0,9631.0
2017-06-30,5,Zane Levy,product_rate,5,2.0,9631.0
2017-06-30,5,Zane Levy,product_seller_rate,5,2.0,9631.0
2017-06-30,5,Zane Levy,price_x_product_rate,5,2.0,9631.0
2017-06-30,5,Zane Levy,random_expectation,5,1.2666666666666668,2550.866666666667
2017-06-30,10,Anna Snelling,catalog_price,10,5.0,23935.0
2017-06-30,10,Anna Snelling,product_rate,10,5.0,17002.0
2017-06-30,10,Anna Snelling,product_seller_rate,10,5.0,17002.0
2017-06-30,10,Anna Snelling,price_x_product_rate,10,5.0,23935.0
2017-06-30,10,Anna Snelling,random_expectation,10,5.6000000000000005,7362.200000000001
2017-06-30,10,Boris Faz,catalog_price,10,4.0,22779.0
2017-06-30,10,Boris Faz,product_rate,10,4.0,22779.0
2017-06-30,10,Boris Faz,product_seller_rate,10,3.0,3240.0
2017-06-30,10,Boris Faz,price_x_product_rate,10,4.0,22779.0
2017-06-30,10,Boris Faz,random_expectation,10,2.653061224489796,7539.387755102041
2017-06-30,10,Cassey Cress,catalog_price,10,2.0,10376.0
2017-06-30,10,Cassey Cress,product_rate,10,3.0,10420.0
2017-06-30,10,Cassey Cress,product_seller_rate,10,1.0,633.0
2017-06-30,10,Cassey Cress,price_x_product_rate,10,2.0,10376.0
2017-06-30,10,Cassey Cress,random_expectation,10,2.444444444444444,5827.555555555556
2017-06-30,10,Cecily Lampkin,catalog_price,10,7.0,21915.0
2017-06-30,10,Cecily Lampkin,product_rate,10,7.0,12028.0
2017-06-30,10,Cecily Lampkin,product_seller_rate,10,7.0,21915.0
2017-06-30,10,Cecily Lampkin,price_x_product_rate,10,7.0,21915.0
2017-06-30,10,Cecily Lampkin,random_expectation,10,7.222222222222222,13244.444444444443
2017-06-30,10,Corliss Cosme,catalog_price,10,4.0,20704.0
2017-06-30,10,Corliss Cosme,product_rate,10,4.0,20704.0
2017-06-30,10,Corliss Cosme,product_seller_rate,10,4.0,20704.0
2017-06-30,10,Corliss Cosme,price_x_product_rate,10,4.0,20704.0
2017-06-30,10,Corliss Cosme,random_expectation,10,2.558139534883721,6833.604651162791
2017-06-30,10,Daniell Hammack,catalog_price,10,0.0,0.0
2017-06-30,10,Daniell Hammack,product_rate,10,0.0,0.0
2017-06-30,10,Daniell Hammack,product_seller_rate,10,0.0,0.0
2017-06-30,10,Daniell Hammack,price_x_product_rate,10,0.0,0.0
2017-06-30,10,Daniell Hammack,random_expectation,10,2.0,4237.538461538462
2017-06-30,10,Darcel Schlecht,catalog_price,10,7.0,38296.0
2017-06-30,10,Darcel Schlecht,product_rate,10,8.0,27193.0
2017-06-30,10,Darcel Schlecht,product_seller_rate,10,7.0,7310.0
2017-06-30,10,Darcel Schlecht,price_x_product_rate,10,7.0,38296.0
2017-06-30,10,Darcel Schlecht,random_expectation,10,6.11764705882353,22192.35294117647
2017-06-30,10,Donn Cantrell,catalog_price,10,3.0,15327.0
2017-06-30,10,Donn Cantrell,product_rate,10,5.0,13938.0
2017-06-30,10,Donn Cantrell,product_seller_rate,10,4.0,11767.0
2017-06-30,10,Donn Cantrell,price_x_product_rate,10,3.0,15327.0
2017-06-30,10,Donn Cantrell,random_expectation,10,5.5813953488372094,14330.697674418605
2017-06-30,10,Elease Gluck,catalog_price,10,1.0,4330.0
2017-06-30,10,Elease Gluck,product_rate,10,2.0,108.0
2017-06-30,10,Elease Gluck,product_seller_rate,10,1.0,4330.0
2017-06-30,10,Elease Gluck,price_x_product_rate,10,1.0,4330.0
2017-06-30,10,Elease Gluck,random_expectation,10,1.4893617021276595,1211.276595744681
2017-06-30,10,Garret Kinder,catalog_price,10,5.0,17658.0
2017-06-30,10,Garret Kinder,product_rate,10,6.0,11801.0
2017-06-30,10,Garret Kinder,product_seller_rate,10,6.0,8755.0
2017-06-30,10,Garret Kinder,price_x_product_rate,10,5.0,17658.0
2017-06-30,10,Garret Kinder,random_expectation,10,6.842105263157895,11180.526315789473
2017-06-30,10,Gladys Colclough,catalog_price,10,7.0,37795.0
2017-06-30,10,Gladys Colclough,product_rate,10,6.0,17613.0
2017-06-30,10,Gladys Colclough,product_seller_rate,10,5.0,273.0
2017-06-30,10,Gladys Colclough,price_x_product_rate,10,7.0,37795.0
2017-06-30,10,Gladys Colclough,random_expectation,10,6.571428571428571,17648.857142857145
2017-06-30,10,Hayden Neloms,catalog_price,10,3.0,14189.0
2017-06-30,10,Hayden Neloms,product_rate,10,4.0,10577.0
2017-06-30,10,Hayden Neloms,product_seller_rate,10,1.0,3728.0
2017-06-30,10,Hayden Neloms,price_x_product_rate,10,3.0,14189.0
2017-06-30,10,Hayden Neloms,random_expectation,10,1.875,4918.541666666667
2017-06-30,10,James Ascencio,catalog_price,10,3.0,16529.0
2017-06-30,10,James Ascencio,product_rate,10,3.0,16529.0
2017-06-30,10,James Ascencio,product_seller_rate,10,3.0,15012.0
2017-06-30,10,James Ascencio,price_x_product_rate,10,3.0,16529.0
2017-06-30,10,James Ascencio,random_expectation,10,2.2058823529411766,7363.088235294117
2017-06-30,10,Jonathan Berthelot,catalog_price,10,7.0,35998.0
2017-06-30,10,Jonathan Berthelot,product_rate,10,9.0,22303.0
2017-06-30,10,Jonathan Berthelot,product_seller_rate,10,7.0,3727.0
2017-06-30,10,Jonathan Berthelot,price_x_product_rate,10,7.0,35998.0
2017-06-30,10,Jonathan Berthelot,random_expectation,10,6.666666666666666,15472.291666666668
2017-06-30,10,Kami Bicknell,catalog_price,10,2.0,9679.0
2017-06-30,10,Kami Bicknell,product_rate,10,4.0,4929.0
2017-06-30,10,Kami Bicknell,product_seller_rate,10,1.0,3464.0
2017-06-30,10,Kami Bicknell,price_x_product_rate,10,2.0,9679.0
2017-06-30,10,Kami Bicknell,random_expectation,10,2.0689655172413794,3464.022988505747
2017-06-30,10,Kary Hendrixson,catalog_price,10,1.0,5312.0
2017-06-30,10,Kary Hendrixson,product_rate,10,1.0,5312.0
2017-06-30,10,Kary Hendrixson,product_seller_rate,10,3.0,1738.0
2017-06-30,10,Kary Hendrixson,price_x_product_rate,10,1.0,5312.0
2017-06-30,10,Kary Hendrixson,random_expectation,10,2.288135593220339,5075.593220338983
2017-06-30,10,Lajuana Vencill,catalog_price,10,4.0,18137.0
2017-06-30,10,Lajuana Vencill,product_rate,10,6.0,11669.0
2017-06-30,10,Lajuana Vencill,product_seller_rate,10,4.0,1165.0
2017-06-30,10,Lajuana Vencill,price_x_product_rate,10,4.0,18137.0
2017-06-30,10,Lajuana Vencill,random_expectation,10,5.365853658536586,7702.682926829268
2017-06-30,10,Markita Hansen,catalog_price,10,3.0,58827.0
2017-06-30,10,Markita Hansen,product_rate,10,2.0,9558.0
2017-06-30,10,Markita Hansen,product_seller_rate,10,3.0,10068.0
2017-06-30,10,Markita Hansen,price_x_product_rate,10,3.0,58827.0
2017-06-30,10,Markita Hansen,random_expectation,10,2.247191011235955,9938.651685393259
2017-06-30,10,Marty Freudenburg,catalog_price,10,6.0,29044.0
2017-06-30,10,Marty Freudenburg,product_rate,10,6.0,22775.0
2017-06-30,10,Marty Freudenburg,product_seller_rate,10,7.0,10312.0
2017-06-30,10,Marty Freudenburg,price_x_product_rate,10,6.0,29044.0
2017-06-30,10,Marty Freudenburg,random_expectation,10,5.925925925925926,17704.814814814814
2017-06-30,10,Maureen Marcano,catalog_price,10,4.0,22477.0
2017-06-30,10,Maureen Marcano,product_rate,10,4.0,22477.0
2017-06-30,10,Maureen Marcano,product_seller_rate,10,3.0,3191.0
2017-06-30,10,Maureen Marcano,price_x_product_rate,10,4.0,22477.0
2017-06-30,10,Maureen Marcano,random_expectation,10,3.4210526315789473,5274.21052631579
2017-06-30,10,Moses Frase,catalog_price,10,7.0,24699.0
2017-06-30,10,Moses Frase,product_rate,10,6.0,5311.0
2017-06-30,10,Moses Frase,product_seller_rate,10,6.0,2812.0
2017-06-30,10,Moses Frase,price_x_product_rate,10,7.0,24699.0
2017-06-30,10,Moses Frase,random_expectation,10,6.8965517241379315,10247.241379310344
2017-06-30,10,Niesha Huffines,catalog_price,10,4.0,14317.0
2017-06-30,10,Niesha Huffines,product_rate,10,6.0,6265.0
2017-06-30,10,Niesha Huffines,product_seller_rate,10,5.0,9012.0
2017-06-30,10,Niesha Huffines,price_x_product_rate,10,4.0,14317.0
2017-06-30,10,Niesha Huffines,random_expectation,10,5.454545454545454,6461.515151515151
2017-06-30,10,Reed Clapper,catalog_price,10,7.0,36799.0
2017-06-30,10,Reed Clapper,product_rate,10,7.0,18095.0
2017-06-30,10,Reed Clapper,product_seller_rate,10,6.0,10840.0
2017-06-30,10,Reed Clapper,price_x_product_rate,10,7.0,36799.0
2017-06-30,10,Reed Clapper,random_expectation,10,6.875,17027.1875
2017-06-30,10,Rosalina Dieter,catalog_price,10,3.0,55626.0
2017-06-30,10,Rosalina Dieter,product_rate,10,3.0,176.0
2017-06-30,10,Rosalina Dieter,product_seller_rate,10,5.0,57868.0
2017-06-30,10,Rosalina Dieter,price_x_product_rate,10,3.0,55626.0
2017-06-30,10,Rosalina Dieter,random_expectation,10,3.111111111111111,16240.88888888889
2017-06-30,10,Rosie Papadopoulos,catalog_price,10,3.0,14627.0
2017-06-30,10,Rosie Papadopoulos,product_rate,10,2.0,110.0
2017-06-30,10,Rosie Papadopoulos,product_seller_rate,10,3.0,14627.0
2017-06-30,10,Rosie Papadopoulos,price_x_product_rate,10,3.0,14627.0
2017-06-30,10,Rosie Papadopoulos,random_expectation,10,2.0,4506.857142857143
2017-06-30,10,Versie Hillebrand,catalog_price,10,7.0,26251.0
2017-06-30,10,Versie Hillebrand,product_rate,10,6.0,10157.0
2017-06-30,10,Versie Hillebrand,product_seller_rate,10,4.0,199.0
2017-06-30,10,Versie Hillebrand,price_x_product_rate,10,7.0,26251.0
2017-06-30,10,Versie Hillebrand,random_expectation,10,6.052631578947368,8127.368421052632
2017-06-30,10,Vicki Laflamme,catalog_price,10,2.0,11725.0
2017-06-30,10,Vicki Laflamme,product_rate,10,2.0,11725.0
2017-06-30,10,Vicki Laflamme,product_seller_rate,10,3.0,1677.0
2017-06-30,10,Vicki Laflamme,price_x_product_rate,10,2.0,11725.0
2017-06-30,10,Vicki Laflamme,random_expectation,10,2.7927927927927927,8017.747747747748
2017-06-30,10,Violet Mclelland,catalog_price,10,3.0,11350.0
2017-06-30,10,Violet Mclelland,product_rate,10,2.0,114.0
2017-06-30,10,Violet Mclelland,product_seller_rate,10,1.0,881.0
2017-06-30,10,Violet Mclelland,price_x_product_rate,10,3.0,11350.0
2017-06-30,10,Violet Mclelland,random_expectation,10,2.6470588235294117,3396.0294117647063
2017-06-30,10,Wilburn Farren,catalog_price,10,3.0,12509.0
2017-06-30,10,Wilburn Farren,product_rate,10,3.0,6238.0
2017-06-30,10,Wilburn Farren,product_seller_rate,10,3.0,9715.0
2017-06-30,10,Wilburn Farren,price_x_product_rate,10,3.0,12509.0
2017-06-30,10,Wilburn Farren,random_expectation,10,3.225806451612903,7876.451612903225
2017-06-30,10,Zane Levy,catalog_price,10,3.0,14816.0
2017-06-30,10,Zane Levy,product_rate,10,4.0,9735.0
2017-06-30,10,Zane Levy,product_seller_rate,10,3.0,14816.0
2017-06-30,10,Zane Levy,price_x_product_rate,10,3.0,14816.0
2017-06-30,10,Zane Levy,random_expectation,10,2.5333333333333337,5101.733333333334
2017-09-30,5,Anna Snelling,catalog_price,5,0.0,0.0
2017-09-30,5,Anna Snelling,product_rate,5,1.0,58.0
2017-09-30,5,Anna Snelling,product_seller_rate,5,1.0,58.0
2017-09-30,5,Anna Snelling,price_x_product_rate,5,0.0,0.0
2017-09-30,5,Anna Snelling,random_expectation,5,1.261682242990654,918.0373831775701
2017-09-30,5,Boris Faz,catalog_price,5,0.0,0.0
2017-09-30,5,Boris Faz,product_rate,5,0.0,0.0
2017-09-30,5,Boris Faz,product_seller_rate,5,0.0,0.0
2017-09-30,5,Boris Faz,price_x_product_rate,5,0.0,0.0
2017-09-30,5,Boris Faz,random_expectation,5,0.8333333333333333,1999.7916666666665
2017-09-30,5,Cassey Cress,catalog_price,5,1.0,5881.0
2017-09-30,5,Cassey Cress,product_rate,5,0.0,0.0
2017-09-30,5,Cassey Cress,product_seller_rate,5,0.0,0.0
2017-09-30,5,Cassey Cress,price_x_product_rate,5,1.0,5881.0
2017-09-30,5,Cassey Cress,random_expectation,5,0.794392523364486,2320.233644859813
2017-09-30,5,Cecily Lampkin,catalog_price,5,1.0,5520.0
2017-09-30,5,Cecily Lampkin,product_rate,5,1.0,65.0
2017-09-30,5,Cecily Lampkin,product_seller_rate,5,2.0,2225.0
2017-09-30,5,Cecily Lampkin,price_x_product_rate,5,1.0,5520.0
2017-09-30,5,Cecily Lampkin,random_expectation,5,1.4102564102564101,2808.205128205128
2017-09-30,5,Corliss Cosme,catalog_price,5,2.0,10177.0
2017-09-30,5,Corliss Cosme,product_rate,5,2.0,118.0
2017-09-30,5,Corliss Cosme,product_seller_rate,5,2.0,10177.0
2017-09-30,5,Corliss Cosme,price_x_product_rate,5,2.0,10177.0
2017-09-30,5,Corliss Cosme,random_expectation,5,0.9813084112149533,2271.121495327103
2017-09-30,5,Daniell Hammack,catalog_price,5,0.0,0.0
2017-09-30,5,Daniell Hammack,product_rate,5,0.0,0.0
2017-09-30,5,Daniell Hammack,product_seller_rate,5,0.0,0.0
2017-09-30,5,Daniell Hammack,price_x_product_rate,5,0.0,0.0
2017-09-30,5,Daniell Hammack,random_expectation,5,0.7865168539325842,2683.820224719101
2017-09-30,5,Darcel Schlecht,catalog_price,5,1.0,5144.0
2017-09-30,5,Darcel Schlecht,product_rate,5,0.0,0.0
2017-09-30,5,Darcel Schlecht,product_seller_rate,5,2.0,2274.0
2017-09-30,5,Darcel Schlecht,price_x_product_rate,5,1.0,5144.0
2017-09-30,5,Darcel Schlecht,random_expectation,5,1.2418300653594772,4411.241830065359
2017-09-30,5,Donn Cantrell,catalog_price,5,3.0,16312.0
2017-09-30,5,Donn Cantrell,product_rate,5,2.0,2397.0
2017-09-30,5,Donn Cantrell,product_seller_rate,5,3.0,10828.0
2017-09-30,5,Donn Cantrell,price_x_product_rate,5,3.0,16312.0
2017-09-30,5,Donn Cantrell,random_expectation,5,2.6470588235294117,7637.941176470587
2017-09-30,5,Elease Gluck,catalog_price,5,0.0,0.0
2017-09-30,5,Elease Gluck,product_rate,5,2.0,101.0
2017-09-30,5,Elease Gluck,product_seller_rate,5,0.0,0.0
2017-09-30,5,Elease Gluck,price_x_product_rate,5,0.0,0.0
2017-09-30,5,Elease Gluck,random_expectation,5,0.6349206349206349,1008.015873015873
2017-09-30,5,Garret Kinder,catalog_price,5,2.0,8700.0
2017-09-30,5,Garret Kinder,product_rate,5,1.0,54.0
2017-09-30,5,Garret Kinder,product_seller_rate,5,2.0,3551.0
2017-09-30,5,Garret Kinder,price_x_product_rate,5,2.0,8700.0
2017-09-30,5,Garret Kinder,random_expectation,5,1.7647058823529413,4437.64705882353
2017-09-30,5,Gladys Colclough,catalog_price,5,2.0,11074.0
2017-09-30,5,Gladys Colclough,product_rate,5,0.0,0.0
2017-09-30,5,Gladys Colclough,product_seller_rate,5,0.0,0.0
2017-09-30,5,Gladys Colclough,price_x_product_rate,5,2.0,11074.0
2017-09-30,5,Gladys Colclough,random_expectation,5,1.36986301369863,4724.657534246575
2017-09-30,5,Hayden Neloms,catalog_price,5,1.0,5526.0
2017-09-30,5,Hayden Neloms,product_rate,5,0.0,0.0
2017-09-30,5,Hayden Neloms,product_seller_rate,5,0.0,0.0
2017-09-30,5,Hayden Neloms,price_x_product_rate,5,1.0,5526.0
2017-09-30,5,Hayden Neloms,random_expectation,5,0.8695652173913043,2881.811594202899
2017-09-30,5,James Ascencio,catalog_price,5,0.0,0.0
2017-09-30,5,James Ascencio,product_rate,5,1.0,58.0
2017-09-30,5,James Ascencio,product_seller_rate,5,1.0,58.0
2017-09-30,5,James Ascencio,price_x_product_rate,5,0.0,0.0
2017-09-30,5,James Ascencio,random_expectation,5,1.1827956989247312,2788.8172043010754
2017-09-30,5,Jonathan Berthelot,catalog_price,5,2.0,10858.0
2017-09-30,5,Jonathan Berthelot,product_rate,5,4.0,222.0
2017-09-30,5,Jonathan Berthelot,product_seller_rate,5,4.0,222.0
2017-09-30,5,Jonathan Berthelot,price_x_product_rate,5,2.0,10858.0
2017-09-30,5,Jonathan Berthelot,random_expectation,5,1.25,1915.6617647058824
2017-09-30,5,Kami Bicknell,catalog_price,5,3.0,17064.0
2017-09-30,5,Kami Bicknell,product_rate,5,2.0,117.0
2017-09-30,5,Kami Bicknell,product_seller_rate,5,0.0,0.0
2017-09-30,5,Kami Bicknell,price_x_product_rate,5,3.0,17064.0
2017-09-30,5,Kami Bicknell,random_expectation,5,0.9649122807017543,2013.3333333333335
2017-09-30,5,Kary Hendrixson,catalog_price,5,1.0,5158.0
2017-09-30,5,Kary Hendrixson,product_rate,5,2.0,115.0
2017-09-30,5,Kary Hendrixson,product_seller_rate,5,0.0,0.0
2017-09-30,5,Kary Hendrixson,price_x_product_rate,5,1.0,5158.0
2017-09-30,5,Kary Hendrixson,random_expectation,5,1.0218978102189782,2196.970802919708
2017-09-30,5,Lajuana Vencill,catalog_price,5,2.0,11316.0
2017-09-30,5,Lajuana Vencill,product_rate,5,0.0,0.0
2017-09-30,5,Lajuana Vencill,product_seller_rate,5,0.0,0.0
2017-09-30,5,Lajuana Vencill,price_x_product_rate,5,2.0,11316.0
2017-09-30,5,Lajuana Vencill,random_expectation,5,1.4473684210526316,2677.565789473684
2017-09-30,5,Markita Hansen,catalog_price,5,0.0,0.0
2017-09-30,5,Markita Hansen,product_rate,5,1.0,49.0
2017-09-30,5,Markita Hansen,product_seller_rate,5,0.0,0.0
2017-09-30,5,Markita Hansen,price_x_product_rate,5,0.0,0.0
2017-09-30,5,Markita Hansen,random_expectation,5,0.825242718446602,1381.1650485436894
2017-09-30,5,Marty Freudenburg,catalog_price,5,3.0,17310.0
2017-09-30,5,Marty Freudenburg,product_rate,5,1.0,1021.0
2017-09-30,5,Marty Freudenburg,product_seller_rate,5,1.0,1021.0
2017-09-30,5,Marty Freudenburg,price_x_product_rate,5,3.0,17310.0
2017-09-30,5,Marty Freudenburg,random_expectation,5,1.2096774193548387,3420.6451612903224
2017-09-30,5,Maureen Marcano,catalog_price,5,2.0,11599.0
2017-09-30,5,Maureen Marcano,product_rate,5,1.0,59.0
2017-09-30,5,Maureen Marcano,product_seller_rate,5,2.0,11599.0
2017-09-30,5,Maureen Marcano,price_x_product_rate,5,2.0,11599.0
2017-09-30,5,Maureen Marcano,random_expectation,5,0.8695652173913043,2616.9565217391305
2017-09-30,5,Moses Frase,catalog_price,5,3.0,17265.0
2017-09-30,5,Moses Frase,product_rate,5,0.0,0.0
2017-09-30,5,Moses Frase,product_seller_rate,5,3.0,1778.0
2017-09-30,5,Moses Frase,price_x_product_rate,5,3.0,17265.0
2017-09-30,5,Moses Frase,random_expectation,5,1.3432835820895521,2665.4477611940297
2017-09-30,5,Niesha Huffines,catalog_price,5,1.0,6255.0
2017-09-30,5,Niesha Huffines,product_rate,5,2.0,114.0
2017-09-30,5,Niesha Huffines,product_seller_rate,5,1.0,6255.0
2017-09-30,5,Niesha Huffines,price_x_product_rate,5,1.0,6255.0
2017-09-30,5,Niesha Huffines,random_expectation,5,1.346153846153846,2261.153846153846
2017-09-30,5,Reed Clapper,catalog_price,5,2.0,12108.0
2017-09-30,5,Reed Clapper,product_rate,5,1.0,1176.0
2017-09-30,5,Reed Clapper,product_seller_rate,5,1.0,1176.0
2017-09-30,5,Reed Clapper,price_x_product_rate,5,2.0,12108.0
2017-09-30,5,Reed Clapper,random_expectation,5,2.5,9681.538461538461
2017-09-30,5,Rosalina Dieter,catalog_price,5,1.0,26186.0
2017-09-30,5,Rosalina Dieter,product_rate,5,2.0,110.0
2017-09-30,5,Rosalina Dieter,product_seller_rate,5,1.0,920.0
2017-09-30,5,Rosalina Dieter,price_x_product_rate,5,1.0,26186.0
2017-09-30,5,Rosalina Dieter,random_expectation,5,1.0833333333333335,3545.083333333333
2017-09-30,5,Rosie Papadopoulos,catalog_price,5,0.0,0.0
2017-09-30,5,Rosie Papadopoulos,product_rate,5,2.0,108.0
2017-09-30,5,Rosie Papadopoulos,product_seller_rate,5,2.0,9016.0
2017-09-30,5,Rosie Papadopoulos,price_x_product_rate,5,0.0,0.0
2017-09-30,5,Rosie Papadopoulos,random_expectation,5,0.9090909090909092,1449.181818181818
2017-09-30,5,Versie Hillebrand,catalog_price,5,1.0,5775.0
2017-09-30,5,Versie Hillebrand,product_rate,5,1.0,55.0
2017-09-30,5,Versie Hillebrand,product_seller_rate,5,1.0,5775.0
2017-09-30,5,Versie Hillebrand,price_x_product_rate,5,1.0,5775.0
2017-09-30,5,Versie Hillebrand,random_expectation,5,1.5476190476190477,1150.7142857142858
2017-09-30,5,Vicki Laflamme,catalog_price,5,2.0,10809.0
2017-09-30,5,Vicki Laflamme,product_rate,5,1.0,59.0
2017-09-30,5,Vicki Laflamme,product_seller_rate,5,3.0,14983.0
2017-09-30,5,Vicki Laflamme,price_x_product_rate,5,2.0,10809.0
2017-09-30,5,Vicki Laflamme,random_expectation,5,1.2333333333333334,2972.5333333333333
2017-09-30,5,Violet Mclelland,catalog_price,5,0.0,0.0
2017-09-30,5,Violet Mclelland,product_rate,5,2.0,115.0
2017-09-30,5,Violet Mclelland,product_seller_rate,5,0.0,0.0
2017-09-30,5,Violet Mclelland,price_x_product_rate,5,0.0,0.0
2017-09-30,5,Violet Mclelland,random_expectation,5,0.9770114942528736,199.36781609195404
2017-09-30,5,Wilburn Farren,catalog_price,5,0.0,0.0
2017-09-30,5,Wilburn Farren,product_rate,5,1.0,56.0
2017-09-30,5,Wilburn Farren,product_seller_rate,5,1.0,471.0
2017-09-30,5,Wilburn Farren,price_x_product_rate,5,0.0,0.0
2017-09-30,5,Wilburn Farren,random_expectation,5,1.0256410256410255,2566.666666666667
2017-09-30,5,Zane Levy,catalog_price,5,1.0,5865.0
2017-09-30,5,Zane Levy,product_rate,5,0.0,0.0
2017-09-30,5,Zane Levy,product_seller_rate,5,0.0,0.0
2017-09-30,5,Zane Levy,price_x_product_rate,5,1.0,5865.0
2017-09-30,5,Zane Levy,random_expectation,5,0.9649122807017543,1594.6491228070176
2017-09-30,10,Anna Snelling,catalog_price,10,1.0,5468.0
2017-09-30,10,Anna Snelling,product_rate,10,2.0,112.0
2017-09-30,10,Anna Snelling,product_seller_rate,10,2.0,112.0
2017-09-30,10,Anna Snelling,price_x_product_rate,10,1.0,5468.0
2017-09-30,10,Anna Snelling,random_expectation,10,2.523364485981308,1836.0747663551401
2017-09-30,10,Boris Faz,catalog_price,10,0.0,0.0
2017-09-30,10,Boris Faz,product_rate,10,2.0,1163.0
2017-09-30,10,Boris Faz,product_seller_rate,10,2.0,1163.0
2017-09-30,10,Boris Faz,price_x_product_rate,10,0.0,0.0
2017-09-30,10,Boris Faz,random_expectation,10,1.6666666666666665,3999.583333333333
2017-09-30,10,Cassey Cress,catalog_price,10,2.0,11182.0
2017-09-30,10,Cassey Cress,product_rate,10,0.0,0.0
2017-09-30,10,Cassey Cress,product_seller_rate,10,1.0,4201.0
2017-09-30,10,Cassey Cress,price_x_product_rate,10,2.0,11182.0
2017-09-30,10,Cassey Cress,random_expectation,10,1.588785046728972,4640.467289719626
2017-09-30,10,Cecily Lampkin,catalog_price,10,3.0,12558.0
2017-09-30,10,Cecily Lampkin,product_rate,10,4.0,225.0
2017-09-30,10,Cecily Lampkin,product_seller_rate,10,3.0,7745.0
2017-09-30,10,Cecily Lampkin,price_x_product_rate,10,3.0,12558.0
2017-09-30,10,Cecily Lampkin,random_expectation,10,2.8205128205128203,5616.410256410256
2017-09-30,10,Corliss Cosme,catalog_price,10,3.0,14808.0
2017-09-30,10,Corliss Cosme,product_rate,10,3.0,172.0
2017-09-30,10,Corliss Cosme,product_seller_rate,10,3.0,14808.0
2017-09-30,10,Corliss Cosme,price_x_product_rate,10,3.0,14808.0
2017-09-30,10,Corliss Cosme,random_expectation,10,1.9626168224299065,4542.242990654206
2017-09-30,10,Daniell Hammack,catalog_price,10,1.0,5807.0
2017-09-30,10,Daniell Hammack,product_rate,10,0.0,0.0
2017-09-30,10,Daniell Hammack,product_seller_rate,10,1.0,5807.0
2017-09-30,10,Daniell Hammack,price_x_product_rate,10,1.0,5807.0
2017-09-30,10,Daniell Hammack,random_expectation,10,1.5730337078651684,5367.640449438202
2017-09-30,10,Darcel Schlecht,catalog_price,10,3.0,14821.0
2017-09-30,10,Darcel Schlecht,product_rate,10,0.0,0.0
2017-09-30,10,Darcel Schlecht,product_seller_rate,10,3.0,3287.0
2017-09-30,10,Darcel Schlecht,price_x_product_rate,10,3.0,14821.0
2017-09-30,10,Darcel Schlecht,random_expectation,10,2.4836601307189543,8822.483660130718
2017-09-30,10,Donn Cantrell,catalog_price,10,3.0,16312.0
2017-09-30,10,Donn Cantrell,product_rate,10,4.0,13404.0
2017-09-30,10,Donn Cantrell,product_seller_rate,10,7.0,24571.0
2017-09-30,10,Donn Cantrell,price_x_product_rate,10,3.0,16312.0
2017-09-30,10,Donn Cantrell,random_expectation,10,5.294117647058823,15275.882352941175
2017-09-30,10,Elease Gluck,catalog_price,10,0.0,0.0
2017-09-30,10,Elease Gluck,product_rate,10,2.0,101.0
2017-09-30,10,Elease Gluck,product_seller_rate,10,0.0,0.0
2017-09-30,10,Elease Gluck,price_x_product_rate,10,0.0,0.0
2017-09-30,10,Elease Gluck,random_expectation,10,1.2698412698412698,2016.031746031746
2017-09-30,10,Garret Kinder,catalog_price,10,4.0,14487.0
2017-09-30,10,Garret Kinder,product_rate,10,3.0,5804.0
2017-09-30,10,Garret Kinder,product_seller_rate,10,4.0,9338.0
2017-09-30,10,Garret Kinder,price_x_product_rate,10,4.0,14487.0
2017-09-30,10,Garret Kinder,random_expectation,10,3.5294117647058827,8875.29411764706
2017-09-30,10,Gladys Colclough,catalog_price,10,5.0,26131.0
2017-09-30,10,Gladys Colclough,product_rate,10,0.0,0.0
2017-09-30,10,Gladys Colclough,product_seller_rate,10,0.0,0.0
2017-09-30,10,Gladys Colclough,price_x_product_rate,10,5.0,26131.0
2017-09-30,10,Gladys Colclough,random_expectation,10,2.73972602739726,9449.31506849315
2017-09-30,10,Hayden Neloms,catalog_price,10,2.0,8828.0
2017-09-30,10,Hayden Neloms,product_rate,10,0.0,0.0
2017-09-30,10,Hayden Neloms,product_seller_rate,10,1.0,3302.0
2017-09-30,10,Hayden Neloms,price_x_product_rate,10,2.0,8828.0
2017-09-30,10,Hayden Neloms,random_expectation,10,1.7391304347826086,5763.623188405798
2017-09-30,10,James Ascencio,catalog_price,10,0.0,0.0
2017-09-30,10,James Ascencio,product_rate,10,1.0,58.0
2017-09-30,10,James Ascencio,product_seller_rate,10,1.0,58.0
2017-09-30,10,James Ascencio,price_x_product_rate,10,0.0,0.0
2017-09-30,10,James Ascencio,random_expectation,10,2.3655913978494625,5577.634408602151
2017-09-30,10,Jonathan Berthelot,catalog_price,10,2.0,10858.0
2017-09-30,10,Jonathan Berthelot,product_rate,10,5.0,286.0
2017-09-30,10,Jonathan Berthelot,product_seller_rate,10,5.0,286.0
2017-09-30,10,Jonathan Berthelot,price_x_product_rate,10,2.0,10858.0
2017-09-30,10,Jonathan Berthelot,random_expectation,10,2.5,3831.323529411765
2017-09-30,10,Kami Bicknell,catalog_price,10,5.0,26842.0
2017-09-30,10,Kami Bicknell,product_rate,10,3.0,167.0
2017-09-30,10,Kami Bicknell,product_seller_rate,10,1.0,4032.0
2017-09-30,10,Kami Bicknell,price_x_product_rate,10,5.0,26842.0
2017-09-30,10,Kami Bicknell,random_expectation,10,1.9298245614035086,4026.666666666667
2017-09-30,10,Kary Hendrixson,catalog_price,10,2.0,9612.0
2017-09-30,10,Kary Hendrixson,product_rate,10,5.0,299.0
2017-09-30,10,Kary Hendrixson,product_seller_rate,10,2.0,956.0
2017-09-30,10,Kary Hendrixson,price_x_product_rate,10,2.0,9612.0
2017-09-30,10,Kary Hendrixson,random_expectation,10,2.0437956204379564,4393.941605839416
2017-09-30,10,Lajuana Vencill,catalog_price,10,4.0,17702.0
2017-09-30,10,Lajuana Vencill,product_rate,10,0.0,0.0
2017-09-30,10,Lajuana Vencill,product_seller_rate,10,0.0,0.0
2017-09-30,10,Lajuana Vencill,price_x_product_rate,10,4.0,17702.0
2017-09-30,10,Lajuana Vencill,random_expectation,10,2.8947368421052633,5355.131578947368
2017-09-30,10,Markita Hansen,catalog_price,10,0.0,0.0
2017-09-30,10,Markita Hansen,product_rate,10,4.0,224.0
2017-09-30,10,Markita Hansen,product_seller_rate,10,3.0,14749.0
2017-09-30,10,Markita Hansen,price_x_product_rate,10,0.0,0.0
2017-09-30,10,Markita Hansen,random_expectation,10,1.650485436893204,2762.330097087379
2017-09-30,10,Marty Freudenburg,catalog_price,10,3.0,17310.0
2017-09-30,10,Marty Freudenburg,product_rate,10,2.0,2107.0
2017-09-30,10,Marty Freudenburg,product_seller_rate,10,2.0,2107.0
2017-09-30,10,Marty Freudenburg,price_x_product_rate,10,3.0,17310.0
2017-09-30,10,Marty Freudenburg,random_expectation,10,2.4193548387096775,6841.290322580645
2017-09-30,10,Maureen Marcano,catalog_price,10,4.0,21005.0
2017-09-30,10,Maureen Marcano,product_rate,10,1.0,59.0
2017-09-30,10,Maureen Marcano,product_seller_rate,10,4.0,21005.0
2017-09-30,10,Maureen Marcano,price_x_product_rate,10,4.0,21005.0
2017-09-30,10,Maureen Marcano,random_expectation,10,1.7391304347826086,5233.913043478261
2017-09-30,10,Moses Frase,catalog_price,10,3.0,17265.0
2017-09-30,10,Moses Frase,product_rate,10,1.0,57.0
2017-09-30,10,Moses Frase,product_seller_rate,10,5.0,2917.0
2017-09-30,10,Moses Frase,price_x_product_rate,10,3.0,17265.0
2017-09-30,10,Moses Frase,random_expectation,10,2.6865671641791042,5330.895522388059
2017-09-30,10,Niesha Huffines,catalog_price,10,1.0,6255.0
2017-09-30,10,Niesha Huffines,product_rate,10,2.0,114.0
2017-09-30,10,Niesha Huffines,product_seller_rate,10,1.0,6255.0
2017-09-30,10,Niesha Huffines,price_x_product_rate,10,1.0,6255.0
2017-09-30,10,Niesha Huffines,random_expectation,10,2.692307692307692,4522.307692307692
2017-09-30,10,Reed Clapper,catalog_price,10,5.0,27489.0
2017-09-30,10,Reed Clapper,product_rate,10,3.0,13284.0
2017-09-30,10,Reed Clapper,product_seller_rate,10,3.0,7412.0
2017-09-30,10,Reed Clapper,price_x_product_rate,10,5.0,27489.0
2017-09-30,10,Reed Clapper,random_expectation,10,5.0,19363.076923076922
2017-09-30,10,Rosalina Dieter,catalog_price,10,2.0,30800.0
2017-09-30,10,Rosalina Dieter,product_rate,10,4.0,209.0
2017-09-30,10,Rosalina Dieter,product_seller_rate,10,2.0,5534.0
2017-09-30,10,Rosalina Dieter,price_x_product_rate,10,2.0,30800.0
2017-09-30,10,Rosalina Dieter,random_expectation,10,2.166666666666667,7090.166666666666
2017-09-30,10,Rosie Papadopoulos,catalog_price,10,1.0,3974.0
2017-09-30,10,Rosie Papadopoulos,product_rate,10,4.0,222.0
2017-09-30,10,Rosie Papadopoulos,product_seller_rate,10,3.0,13221.0
2017-09-30,10,Rosie Papadopoulos,price_x_product_rate,10,1.0,3974.0
2017-09-30,10,Rosie Papadopoulos,random_expectation,10,1.8181818181818183,2898.363636363636
2017-09-30,10,Versie Hillebrand,catalog_price,10,2.0,9586.0
2017-09-30,10,Versie Hillebrand,product_rate,10,2.0,109.0
2017-09-30,10,Versie Hillebrand,product_seller_rate,10,2.0,5830.0
2017-09-30,10,Versie Hillebrand,price_x_product_rate,10,2.0,9586.0
2017-09-30,10,Versie Hillebrand,random_expectation,10,3.0952380952380953,2301.4285714285716
2017-09-30,10,Vicki Laflamme,catalog_price,10,2.0,10809.0
2017-09-30,10,Vicki Laflamme,product_rate,10,3.0,171.0
2017-09-30,10,Vicki Laflamme,product_seller_rate,10,3.0,14983.0
2017-09-30,10,Vicki Laflamme,price_x_product_rate,10,2.0,10809.0
2017-09-30,10,Vicki Laflamme,random_expectation,10,2.466666666666667,5945.066666666667
2017-09-30,10,Violet Mclelland,catalog_price,10,0.0,0.0
2017-09-30,10,Violet Mclelland,product_rate,10,4.0,225.0
2017-09-30,10,Violet Mclelland,product_seller_rate,10,0.0,0.0
2017-09-30,10,Violet Mclelland,price_x_product_rate,10,0.0,0.0
2017-09-30,10,Violet Mclelland,random_expectation,10,1.9540229885057472,398.7356321839081
2017-09-30,10,Wilburn Farren,catalog_price,10,2.0,11519.0
2017-09-30,10,Wilburn Farren,product_rate,10,2.0,106.0
2017-09-30,10,Wilburn Farren,product_seller_rate,10,2.0,3465.0
2017-09-30,10,Wilburn Farren,price_x_product_rate,10,2.0,11519.0
2017-09-30,10,Wilburn Farren,random_expectation,10,2.051282051282051,5133.333333333334
2017-09-30,10,Zane Levy,catalog_price,10,1.0,5865.0
2017-09-30,10,Zane Levy,product_rate,10,3.0,2096.0
2017-09-30,10,Zane Levy,product_seller_rate,10,1.0,5170.0
2017-09-30,10,Zane Levy,price_x_product_rate,10,1.0,5865.0
2017-09-30,10,Zane Levy,random_expectation,10,1.9298245614035086,3189.2982456140353
